date,index_name,close_value
1/3/2022,NIFTY50,17492.79
1/4/2022,NIFTY50,17689.64
1/5/2022,NIFTY50,17835.05
1/6/2022,NIFTY50,17878.51
1/7/2022,NIFTY50,17759.15
1/10/2022,NIFTY50,18124.84
1/11/2022,NIFTY50,18256.96
1/12/2022,NIFTY50,18162.54
1/13/2022,NIFTY50,18179.05
1/14/2022,NIFTY50,17971.75
1/17/2022,NIFTY50,17998.26
1/18/2022,NIFTY50,17938.46
1/19/2022,NIFTY50,18301.33
1/20/2022,NIFTY50,18424.66
1/21/2022,NIFTY50,18055.59
1/24/2022,NIFTY50,18338.54
1/25/2022,NIFTY50,18408.04
1/26/2022,NIFTY50,18650.54
1/27/2022,NIFTY50,18701.92
1/28/2022,NIFTY50,18734.13
1/31/2022,NIFTY50,18615.38
2/1/2022,NIFTY50,18724.17
2/2/2022,NIFTY50,18900.9
2/3/2022,NIFTY50,18640.35
2/4/2022,NIFTY50,18524.44
2/7/2022,NIFTY50,18347.28
2/8/2022,NIFTY50,18626.31
2/9/2022,NIFTY50,18807
2/10/2022,NIFTY50,18760.65
2/11/2022,NIFTY50,18935.65
2/14/2022,NIFTY50,18733.59
2/15/2022,NIFTY50,18789.33
2/16/2022,NIFTY50,18942.63
2/17/2022,NIFTY50,18867.92
2/18/2022,NIFTY50,18875.61
2/21/2022,NIFTY50,18962.56
2/22/2022,NIFTY50,19151.71
2/23/2022,NIFTY50,18922.93
2/24/2022,NIFTY50,18905.49
2/25/2022,NIFTY50,18772.62
2/28/2022,NIFTY50,18865.93
3/1/2022,NIFTY50,18827.48
3/2/2022,NIFTY50,18962.53
3/3/2022,NIFTY50,18764.05
3/4/2022,NIFTY50,18700.26
3/7/2022,NIFTY50,19018.69
3/8/2022,NIFTY50,18996.04
3/9/2022,NIFTY50,19174.22
3/10/2022,NIFTY50,19018
3/11/2022,NIFTY50,18796.74
3/14/2022,NIFTY50,19023.35
3/15/2022,NIFTY50,19158.43
3/16/2022,NIFTY50,19102.14
3/17/2022,NIFTY50,19368.71
3/18/2022,NIFTY50,19279.61
3/21/2022,NIFTY50,19153.99
3/22/2022,NIFTY50,19165.54
3/23/2022,NIFTY50,19132.24
3/24/2022,NIFTY50,18960.4
3/25/2022,NIFTY50,18951.21
3/28/2022,NIFTY50,18999.44
3/29/2022,NIFTY50,19138.12
3/30/2022,NIFTY50,19568.64
3/31/2022,NIFTY50,19775.28
4/1/2022,NIFTY50,19613.8
4/4/2022,NIFTY50,20065.6
4/5/2022,NIFTY50,20083.52
4/6/2022,NIFTY50,20147.77
4/7/2022,NIFTY50,20045.55
4/8/2022,NIFTY50,20053.65
4/11/2022,NIFTY50,20059.1
4/12/2022,NIFTY50,20180.83
4/13/2022,NIFTY50,20341.13
4/14/2022,NIFTY50,20287.69
4/15/2022,NIFTY50,20496.5
4/18/2022,NIFTY50,20414.87
4/19/2022,NIFTY50,20612.2
4/20/2022,NIFTY50,20511.28
4/21/2022,NIFTY50,20331.45
4/22/2022,NIFTY50,20291.62
4/25/2022,NIFTY50,20260.33
4/26/2022,NIFTY50,20107.17
4/27/2022,NIFTY50,20054.36
4/28/2022,NIFTY50,19975.05
4/29/2022,NIFTY50,19985.01
5/2/2022,NIFTY50,20084.37
5/3/2022,NIFTY50,20080.44
5/4/2022,NIFTY50,19936.88
5/5/2022,NIFTY50,19887.01
5/6/2022,NIFTY50,20058.65
5/9/2022,NIFTY50,19959.55
5/10/2022,NIFTY50,19812.47
5/11/2022,NIFTY50,19573.89
5/12/2022,NIFTY50,19473.78
5/13/2022,NIFTY50,19615.18
5/16/2022,NIFTY50,19507.43
5/17/2022,NIFTY50,19510.92
5/18/2022,NIFTY50,19442.05
5/19/2022,NIFTY50,19363.97
5/20/2022,NIFTY50,19582.7
5/23/2022,NIFTY50,19568.13
5/24/2022,NIFTY50,19377.34
5/25/2022,NIFTY50,19145.6
5/26/2022,NIFTY50,18989.49
5/27/2022,NIFTY50,18816.95
5/30/2022,NIFTY50,18959.16
5/31/2022,NIFTY50,18935.9
6/1/2022,NIFTY50,18955.11
6/2/2022,NIFTY50,18925.23
6/3/2022,NIFTY50,18902.99
6/6/2022,NIFTY50,19058.44
6/7/2022,NIFTY50,19226.83
6/8/2022,NIFTY50,19519.86
6/9/2022,NIFTY50,19389.21
6/10/2022,NIFTY50,19336.46
6/13/2022,NIFTY50,19376.58
6/14/2022,NIFTY50,19637.19
6/15/2022,NIFTY50,19535.11
6/16/2022,NIFTY50,19696.35
6/17/2022,NIFTY50,19607.58
6/20/2022,NIFTY50,19773.96
6/21/2022,NIFTY50,19798.47
6/22/2022,NIFTY50,19639.48
6/23/2022,NIFTY50,19629.85
6/24/2022,NIFTY50,19738.19
6/27/2022,NIFTY50,19287.24
6/28/2022,NIFTY50,19440.76
6/29/2022,NIFTY50,19217.98
6/30/2022,NIFTY50,19192.78
7/1/2022,NIFTY50,19184.78
7/4/2022,NIFTY50,18769.89
7/5/2022,NIFTY50,18684.56
7/6/2022,NIFTY50,18757.53
7/7/2022,NIFTY50,19054.96
7/8/2022,NIFTY50,19192.88
7/11/2022,NIFTY50,19344.92
7/12/2022,NIFTY50,19015.04
7/13/2022,NIFTY50,18977.21
7/14/2022,NIFTY50,19271.29
7/15/2022,NIFTY50,19438.74
7/18/2022,NIFTY50,19366.57
7/19/2022,NIFTY50,19393.94
7/20/2022,NIFTY50,19559.49
7/21/2022,NIFTY50,19722.34
7/22/2022,NIFTY50,19711.32
7/25/2022,NIFTY50,19681.21
7/26/2022,NIFTY50,19761.96
7/27/2022,NIFTY50,19929.86
7/28/2022,NIFTY50,19875.39
7/29/2022,NIFTY50,19585.87
8/1/2022,NIFTY50,19582.35
8/2/2022,NIFTY50,19390.08
8/3/2022,NIFTY50,19708.9
8/4/2022,NIFTY50,19564.96
8/5/2022,NIFTY50,19555.4
8/8/2022,NIFTY50,19451.25
8/9/2022,NIFTY50,19378.13
8/10/2022,NIFTY50,19520.25
8/11/2022,NIFTY50,19698.67
8/12/2022,NIFTY50,19814.19
8/15/2022,NIFTY50,19981.4
8/16/2022,NIFTY50,19904.95
8/17/2022,NIFTY50,19736.49
8/18/2022,NIFTY50,19625.12
8/19/2022,NIFTY50,19703.9
8/22/2022,NIFTY50,19910.72
8/23/2022,NIFTY50,19719.82
8/24/2022,NIFTY50,19671.88
8/25/2022,NIFTY50,19637.3
8/26/2022,NIFTY50,19522.67
8/29/2022,NIFTY50,19627.67
8/30/2022,NIFTY50,19798.26
8/31/2022,NIFTY50,20209.61
9/1/2022,NIFTY50,20548.9
9/2/2022,NIFTY50,20692.13
9/5/2022,NIFTY50,20624.2
9/6/2022,NIFTY50,20753.83
9/7/2022,NIFTY50,20433.94
9/8/2022,NIFTY50,20554.69
9/9/2022,NIFTY50,20626.15
9/12/2022,NIFTY50,20648.98
9/13/2022,NIFTY50,20527.01
9/14/2022,NIFTY50,20670.74
9/15/2022,NIFTY50,20513.65
9/16/2022,NIFTY50,20701.55
9/19/2022,NIFTY50,20813.58
9/20/2022,NIFTY50,20896.86
9/21/2022,NIFTY50,20739.02
9/22/2022,NIFTY50,20638.36
9/23/2022,NIFTY50,20398.27
9/26/2022,NIFTY50,20548.89
9/27/2022,NIFTY50,20564.79
9/28/2022,NIFTY50,20484.23
9/29/2022,NIFTY50,20471.11
9/30/2022,NIFTY50,20657.7
10/3/2022,NIFTY50,20475.58
10/4/2022,NIFTY50,20411.92
10/5/2022,NIFTY50,20159.15
10/6/2022,NIFTY50,19995.72
10/7/2022,NIFTY50,19964.19
10/10/2022,NIFTY50,20151.84
10/11/2022,NIFTY50,20267.68
10/12/2022,NIFTY50,20442.32
10/13/2022,NIFTY50,20563.45
10/14/2022,NIFTY50,20412.01
10/17/2022,NIFTY50,20707.13
10/18/2022,NIFTY50,20843.26
10/19/2022,NIFTY50,21162.28
10/20/2022,NIFTY50,21464.58
10/21/2022,NIFTY50,21458.74
10/24/2022,NIFTY50,21383.16
10/25/2022,NIFTY50,21005.4
10/26/2022,NIFTY50,21044.03
10/27/2022,NIFTY50,21047.28
10/28/2022,NIFTY50,20947.39
10/31/2022,NIFTY50,20871.91
11/1/2022,NIFTY50,20970.82
11/2/2022,NIFTY50,20659.57
11/3/2022,NIFTY50,20887.35
11/4/2022,NIFTY50,21047.55
11/7/2022,NIFTY50,20996.17
11/8/2022,NIFTY50,20993.09
11/9/2022,NIFTY50,21057.78
11/10/2022,NIFTY50,21208.88
11/11/2022,NIFTY50,21574.46
11/14/2022,NIFTY50,21491.94
11/15/2022,NIFTY50,21743.69
11/16/2022,NIFTY50,21714.61
11/17/2022,NIFTY50,21654.27
11/18/2022,NIFTY50,21618.86
11/21/2022,NIFTY50,21821.82
11/22/2022,NIFTY50,21730.17
11/23/2022,NIFTY50,21759.53
11/24/2022,NIFTY50,21678.62
11/25/2022,NIFTY50,21612.98
11/28/2022,NIFTY50,21863.78
11/29/2022,NIFTY50,21872.29
11/30/2022,NIFTY50,21763.67
12/1/2022,NIFTY50,21696.78
12/2/2022,NIFTY50,21756.82
12/5/2022,NIFTY50,21757.88
12/6/2022,NIFTY50,21768.68
12/7/2022,NIFTY50,21725.81
12/8/2022,NIFTY50,21922.79
12/9/2022,NIFTY50,22037.03
12/12/2022,NIFTY50,22007.01
12/13/2022,NIFTY50,22040.93
12/14/2022,NIFTY50,21904.8
12/15/2022,NIFTY50,21902
12/16/2022,NIFTY50,21788.91
12/19/2022,NIFTY50,21834.23
12/20/2022,NIFTY50,21826.13
12/21/2022,NIFTY50,21793.49
12/22/2022,NIFTY50,21829.4
12/23/2022,NIFTY50,21893.27
12/26/2022,NIFTY50,22100.16
12/27/2022,NIFTY50,22252.11
12/28/2022,NIFTY50,22436.78
12/29/2022,NIFTY50,22382.85
12/30/2022,NIFTY50,22446.34
1/2/2023,NIFTY50,22778.36
1/3/2023,NIFTY50,22771.14
1/4/2023,NIFTY50,22806.13
1/5/2023,NIFTY50,22843.67
1/6/2023,NIFTY50,22835.1
1/9/2023,NIFTY50,23088.26
1/10/2023,NIFTY50,23015.77
1/11/2023,NIFTY50,23231.29
1/12/2023,NIFTY50,23389.28
1/13/2023,NIFTY50,23388.78
1/16/2023,NIFTY50,23321.28
1/17/2023,NIFTY50,23326.14
1/18/2023,NIFTY50,23559.85
1/19/2023,NIFTY50,23779.86
1/20/2023,NIFTY50,23947.55
1/23/2023,NIFTY50,23942.01
1/24/2023,NIFTY50,23961.96
1/25/2023,NIFTY50,24096.65
1/26/2023,NIFTY50,24061.41
1/27/2023,NIFTY50,24238.56
1/30/2023,NIFTY50,24280.25
1/31/2023,NIFTY50,24494.37
2/1/2023,NIFTY50,24223.82
2/2/2023,NIFTY50,24115.15
2/3/2023,NIFTY50,24060.94
2/6/2023,NIFTY50,24153.86
2/7/2023,NIFTY50,24091.1
2/8/2023,NIFTY50,24536.77
2/9/2023,NIFTY50,24304.68
2/10/2023,NIFTY50,24520.15
2/13/2023,NIFTY50,24780.22
2/14/2023,NIFTY50,24893.39
2/15/2023,NIFTY50,24840.97
2/16/2023,NIFTY50,24848.9
2/17/2023,NIFTY50,25027.64
2/20/2023,NIFTY50,24713.9
2/21/2023,NIFTY50,24597.57
2/22/2023,NIFTY50,24501.18
2/23/2023,NIFTY50,24622.43
2/24/2023,NIFTY50,24854.82
2/27/2023,NIFTY50,25273.35
2/28/2023,NIFTY50,24902.29
3/1/2023,NIFTY50,24705.34
3/2/2023,NIFTY50,24647.95
3/3/2023,NIFTY50,24772.26
3/6/2023,NIFTY50,24939.69
3/7/2023,NIFTY50,24711.86
3/8/2023,NIFTY50,24799.95
3/9/2023,NIFTY50,24297.03
3/10/2023,NIFTY50,24366.79
3/13/2023,NIFTY50,24373.18
3/14/2023,NIFTY50,24364.9
3/15/2023,NIFTY50,24298.41
3/16/2023,NIFTY50,24292.13
3/17/2023,NIFTY50,24367.8
3/20/2023,NIFTY50,24713.22
3/21/2023,NIFTY50,24466.13
3/22/2023,NIFTY50,24423.14
3/23/2023,NIFTY50,24543.24
3/24/2023,NIFTY50,24542.81
3/27/2023,NIFTY50,24579.47
3/28/2023,NIFTY50,24473.33
3/29/2023,NIFTY50,24651.04
3/30/2023,NIFTY50,24227.91
3/31/2023,NIFTY50,24043.2
4/3/2023,NIFTY50,24442.96
4/4/2023,NIFTY50,24209.74
4/5/2023,NIFTY50,24048.92
4/6/2023,NIFTY50,23905.67
4/7/2023,NIFTY50,23811.3
4/10/2023,NIFTY50,23818.88
4/11/2023,NIFTY50,24041.73
4/12/2023,NIFTY50,24147.4
4/13/2023,NIFTY50,24112.24
4/14/2023,NIFTY50,24471.76
4/17/2023,NIFTY50,24399.9
4/18/2023,NIFTY50,24423.04
4/19/2023,NIFTY50,24458.55
4/20/2023,NIFTY50,24640.52
4/21/2023,NIFTY50,24420.96
4/24/2023,NIFTY50,24228.6
4/25/2023,NIFTY50,24428
4/26/2023,NIFTY50,24799.47
4/27/2023,NIFTY50,24737.41
4/28/2023,NIFTY50,24494.8
5/1/2023,NIFTY50,24268.79
5/2/2023,NIFTY50,24487.26
5/3/2023,NIFTY50,24162.88
5/4/2023,NIFTY50,24187.03
5/5/2023,NIFTY50,24163.65
5/8/2023,NIFTY50,24041.81
5/9/2023,NIFTY50,23884.78
5/10/2023,NIFTY50,24032.77
5/11/2023,NIFTY50,24197.78
5/12/2023,NIFTY50,24441.85
5/15/2023,NIFTY50,24550.67
5/16/2023,NIFTY50,24563.89
5/17/2023,NIFTY50,24608.47
5/18/2023,NIFTY50,24820.77
5/19/2023,NIFTY50,24487.77
5/22/2023,NIFTY50,24588.67
5/23/2023,NIFTY50,24484.16
5/24/2023,NIFTY50,24571.39
5/25/2023,NIFTY50,24376.5
5/26/2023,NIFTY50,24558.48
5/29/2023,NIFTY50,24688.69
5/30/2023,NIFTY50,24558.17
5/31/2023,NIFTY50,24476.07
6/1/2023,NIFTY50,24375.89
6/2/2023,NIFTY50,24398.93
6/5/2023,NIFTY50,24819.7
6/6/2023,NIFTY50,24464.63
6/7/2023,NIFTY50,24541.65
6/8/2023,NIFTY50,24640.11
6/9/2023,NIFTY50,24544.89
6/12/2023,NIFTY50,24222.32
6/13/2023,NIFTY50,24194
6/14/2023,NIFTY50,23965.37
6/15/2023,NIFTY50,24086.29
6/16/2023,NIFTY50,23826.58
6/19/2023,NIFTY50,23828.16
6/20/2023,NIFTY50,23689.49
6/21/2023,NIFTY50,23918.57
6/22/2023,NIFTY50,24239.58
6/23/2023,NIFTY50,24179.92
6/26/2023,NIFTY50,23984.1
6/27/2023,NIFTY50,24326.44
6/28/2023,NIFTY50,24310.87
6/29/2023,NIFTY50,24385.1
6/30/2023,NIFTY50,24372.49
7/3/2023,NIFTY50,24343.08
7/4/2023,NIFTY50,24256.57
7/5/2023,NIFTY50,23895.6
7/6/2023,NIFTY50,24255.54
7/7/2023,NIFTY50,24306.47
7/10/2023,NIFTY50,24301.82
7/11/2023,NIFTY50,24498.9
7/12/2023,NIFTY50,24398.52
7/13/2023,NIFTY50,24484.15
7/14/2023,NIFTY50,24341.92
7/17/2023,NIFTY50,24284.8
7/18/2023,NIFTY50,24412.93
7/19/2023,NIFTY50,24479.6
7/20/2023,NIFTY50,24425.95
7/21/2023,NIFTY50,24584.3
7/24/2023,NIFTY50,24439.96
7/25/2023,NIFTY50,24269.21
7/26/2023,NIFTY50,24190.93
7/27/2023,NIFTY50,24156.83
7/28/2023,NIFTY50,24102.63
7/31/2023,NIFTY50,24029.95
8/1/2023,NIFTY50,24219.97
8/2/2023,NIFTY50,24531.73
8/3/2023,NIFTY50,24517.19
8/4/2023,NIFTY50,24648.05
8/7/2023,NIFTY50,24511.78
8/8/2023,NIFTY50,24504.44
8/9/2023,NIFTY50,24609.34
8/10/2023,NIFTY50,24452.05
8/11/2023,NIFTY50,24614.4
8/14/2023,NIFTY50,24479.93
8/15/2023,NIFTY50,24697.29
8/16/2023,NIFTY50,24881.56
8/17/2023,NIFTY50,25121.88
8/18/2023,NIFTY50,25345.46
8/21/2023,NIFTY50,25762.06
8/22/2023,NIFTY50,25881.66
8/23/2023,NIFTY50,25589.02
8/24/2023,NIFTY50,25628.24
8/25/2023,NIFTY50,25544.53
8/28/2023,NIFTY50,25272.65
8/29/2023,NIFTY50,25550.86
8/30/2023,NIFTY50,25499.01
8/31/2023,NIFTY50,25201.62
9/1/2023,NIFTY50,25080.84
9/4/2023,NIFTY50,25562.58
9/5/2023,NIFTY50,25862.75
9/6/2023,NIFTY50,26030.1
9/7/2023,NIFTY50,26177.37
9/8/2023,NIFTY50,25996.8
9/11/2023,NIFTY50,25801.55
9/12/2023,NIFTY50,25932.07
9/13/2023,NIFTY50,26284.12
9/14/2023,NIFTY50,26078.66
9/15/2023,NIFTY50,26070.46
9/18/2023,NIFTY50,26132.96
9/19/2023,NIFTY50,26042.52
9/20/2023,NIFTY50,26017.43
9/21/2023,NIFTY50,25811.49
9/22/2023,NIFTY50,25889.16
9/25/2023,NIFTY50,25938.06
9/26/2023,NIFTY50,26081.71
9/27/2023,NIFTY50,26050.54
9/28/2023,NIFTY50,26215.53
9/29/2023,NIFTY50,26300.87
10/2/2023,NIFTY50,26580.95
10/3/2023,NIFTY50,26535.97
10/4/2023,NIFTY50,26754.38
10/5/2023,NIFTY50,26718.02
10/6/2023,NIFTY50,26871.56
10/9/2023,NIFTY50,27178.46
10/10/2023,NIFTY50,27454.29
10/11/2023,NIFTY50,27421.55
10/12/2023,NIFTY50,27316.77
10/13/2023,NIFTY50,27547.99
10/16/2023,NIFTY50,27458.95
10/17/2023,NIFTY50,27695.63
10/18/2023,NIFTY50,27438.97
10/19/2023,NIFTY50,27558.75
10/20/2023,NIFTY50,27488.86
10/23/2023,NIFTY50,27129.29
10/24/2023,NIFTY50,26970.7
10/25/2023,NIFTY50,26898.16
10/26/2023,NIFTY50,27338.5
10/27/2023,NIFTY50,26688.69
10/30/2023,NIFTY50,26628.7
10/31/2023,NIFTY50,26565.37
11/1/2023,NIFTY50,26367.72
11/2/2023,NIFTY50,26296.57
11/3/2023,NIFTY50,26277.25
11/6/2023,NIFTY50,26145.92
11/7/2023,NIFTY50,26235.04
11/8/2023,NIFTY50,26589.74
11/9/2023,NIFTY50,26591.61
11/10/2023,NIFTY50,26455.11
11/13/2023,NIFTY50,26443.9
11/14/2023,NIFTY50,26381.22
11/15/2023,NIFTY50,26631.91
11/16/2023,NIFTY50,26543.49
11/17/2023,NIFTY50,26662.35
11/20/2023,NIFTY50,26738.23
11/21/2023,NIFTY50,26774.36
11/22/2023,NIFTY50,26539.03
11/23/2023,NIFTY50,26418.44
11/24/2023,NIFTY50,26389.86
11/27/2023,NIFTY50,26146.25
11/28/2023,NIFTY50,25949.67
11/29/2023,NIFTY50,25860.22
11/30/2023,NIFTY50,25945.06
12/1/2023,NIFTY50,26258.49
12/4/2023,NIFTY50,26328.55
12/5/2023,NIFTY50,26368.49
12/6/2023,NIFTY50,26396.12
12/7/2023,NIFTY50,26335.04
12/8/2023,NIFTY50,26327.03
12/11/2023,NIFTY50,26461.37
12/12/2023,NIFTY50,26679.91
12/13/2023,NIFTY50,26164.46
12/14/2023,NIFTY50,26332.05
12/15/2023,NIFTY50,26281.12
12/18/2023,NIFTY50,26400.34
12/19/2023,NIFTY50,26490.99
12/20/2023,NIFTY50,26475.03
12/21/2023,NIFTY50,26601.9
12/22/2023,NIFTY50,26676.81
12/25/2023,NIFTY50,26681.28
12/26/2023,NIFTY50,26670.1
12/27/2023,NIFTY50,26467.95
12/28/2023,NIFTY50,26483.66
12/29/2023,NIFTY50,26067.8
1/1/2024,NIFTY50,26141.77
1/2/2024,NIFTY50,26315.16
1/3/2024,NIFTY50,26017.19
1/4/2024,NIFTY50,25970.63
1/5/2024,NIFTY50,26286.8
1/8/2024,NIFTY50,26773.66
1/9/2024,NIFTY50,26765.23
1/10/2024,NIFTY50,26791.68
1/11/2024,NIFTY50,26788.79
1/12/2024,NIFTY50,26834.61
1/15/2024,NIFTY50,27120.42
1/16/2024,NIFTY50,27134.09
1/17/2024,NIFTY50,26843.83
1/18/2024,NIFTY50,26913.23
1/19/2024,NIFTY50,26841.32
1/22/2024,NIFTY50,26608.94
1/23/2024,NIFTY50,26378.65
1/24/2024,NIFTY50,26367.44
1/25/2024,NIFTY50,26515.75
1/26/2024,NIFTY50,26652.74
1/29/2024,NIFTY50,26930.04
1/30/2024,NIFTY50,26776.38
1/31/2024,NIFTY50,26708.12
2/1/2024,NIFTY50,26860.26
2/2/2024,NIFTY50,27032.14
2/5/2024,NIFTY50,26929.88
2/6/2024,NIFTY50,26791.56
2/7/2024,NIFTY50,26907.95
2/8/2024,NIFTY50,27115.31
2/9/2024,NIFTY50,27075.51
2/12/2024,NIFTY50,27190.52
2/13/2024,NIFTY50,27204.1
2/14/2024,NIFTY50,27072.21
2/15/2024,NIFTY50,27248.68
2/16/2024,NIFTY50,27210.95
2/19/2024,NIFTY50,26888.11
2/20/2024,NIFTY50,26756.34
2/21/2024,NIFTY50,26280.57
2/22/2024,NIFTY50,26881.8
2/23/2024,NIFTY50,27182.27
2/26/2024,NIFTY50,26902.93
2/27/2024,NIFTY50,26786.05
2/28/2024,NIFTY50,26848.24
2/29/2024,NIFTY50,27215.19
3/1/2024,NIFTY50,27390.12
3/4/2024,NIFTY50,27452.76
3/5/2024,NIFTY50,27333.8
3/6/2024,NIFTY50,27454.14
3/7/2024,NIFTY50,27565.91
3/8/2024,NIFTY50,27586.79
3/11/2024,NIFTY50,27581.92
3/12/2024,NIFTY50,27494.21
3/13/2024,NIFTY50,27798.72
3/14/2024,NIFTY50,27429.35
3/15/2024,NIFTY50,27511.84
3/18/2024,NIFTY50,27528.73
3/19/2024,NIFTY50,27101.41
3/20/2024,NIFTY50,27030.46
3/21/2024,NIFTY50,26818.59
3/22/2024,NIFTY50,26605.43
3/25/2024,NIFTY50,26447.91
3/26/2024,NIFTY50,26731.68
3/27/2024,NIFTY50,26731.44
3/28/2024,NIFTY50,26907.86
3/29/2024,NIFTY50,26656.93
4/1/2024,NIFTY50,26534.7
4/2/2024,NIFTY50,26455.04
4/3/2024,NIFTY50,26502.3
4/4/2024,NIFTY50,26630.64
4/5/2024,NIFTY50,26702.49
4/8/2024,NIFTY50,26539.12
4/9/2024,NIFTY50,26713.2
4/10/2024,NIFTY50,26592.91
4/11/2024,NIFTY50,26663.65
4/12/2024,NIFTY50,26377.86
4/15/2024,NIFTY50,26335.16
4/16/2024,NIFTY50,26459.58
4/17/2024,NIFTY50,26494.47
4/18/2024,NIFTY50,26330.15
4/19/2024,NIFTY50,26459.88
4/22/2024,NIFTY50,26304.4
4/23/2024,NIFTY50,25943.01
4/24/2024,NIFTY50,26175.88
4/25/2024,NIFTY50,25974.02
4/26/2024,NIFTY50,26154.9
4/29/2024,NIFTY50,26116.62
4/30/2024,NIFTY50,26267.55
5/1/2024,NIFTY50,26111.64
5/2/2024,NIFTY50,26307.62
5/3/2024,NIFTY50,26202.91
5/6/2024,NIFTY50,26156.68
5/7/2024,NIFTY50,25711.25
5/8/2024,NIFTY50,25384.42
5/9/2024,NIFTY50,25554.67
5/10/2024,NIFTY50,25427.66
5/13/2024,NIFTY50,25034.38
5/14/2024,NIFTY50,24918.63
5/15/2024,NIFTY50,25040.63
5/16/2024,NIFTY50,24808.29
5/17/2024,NIFTY50,25031.62
5/20/2024,NIFTY50,24930.84
5/21/2024,NIFTY50,24864.19
5/22/2024,NIFTY50,24718.66
5/23/2024,NIFTY50,24352.62
5/24/2024,NIFTY50,24302.31
5/27/2024,NIFTY50,24294.5
5/28/2024,NIFTY50,24377.48
5/29/2024,NIFTY50,24232.85
5/30/2024,NIFTY50,23918.07
5/31/2024,NIFTY50,24263.56
6/3/2024,NIFTY50,24306.96
6/4/2024,NIFTY50,24298.76
6/5/2024,NIFTY50,24515.94
6/6/2024,NIFTY50,24327.82
6/7/2024,NIFTY50,24108.83
6/10/2024,NIFTY50,24240.59
6/11/2024,NIFTY50,24606.36
6/12/2024,NIFTY50,24329.59
6/13/2024,NIFTY50,24328.14
6/14/2024,NIFTY50,24400.26
6/17/2024,NIFTY50,24493.03
6/18/2024,NIFTY50,24433.08
6/19/2024,NIFTY50,24251.6
6/20/2024,NIFTY50,23845.04
6/21/2024,NIFTY50,24242.12
6/24/2024,NIFTY50,24562.63
6/25/2024,NIFTY50,24429.47
6/26/2024,NIFTY50,24432.48
6/27/2024,NIFTY50,24309.96
6/28/2024,NIFTY50,24249.42
7/1/2024,NIFTY50,24219.76
7/2/2024,NIFTY50,23978.71
7/3/2024,NIFTY50,23963.28
7/4/2024,NIFTY50,23984.4
7/5/2024,NIFTY50,23663.37
7/8/2024,NIFTY50,23523.06
7/9/2024,NIFTY50,23252.67
7/10/2024,NIFTY50,23052.9
7/11/2024,NIFTY50,23007.05
7/12/2024,NIFTY50,22976.94
7/15/2024,NIFTY50,22948.31
7/16/2024,NIFTY50,23344.22
7/17/2024,NIFTY50,23403.7
7/18/2024,NIFTY50,23477.72
7/19/2024,NIFTY50,23500.87
7/22/2024,NIFTY50,23225.61
7/23/2024,NIFTY50,23202.96
7/24/2024,NIFTY50,23204.79
7/25/2024,NIFTY50,23346.45
7/26/2024,NIFTY50,23136.57
7/29/2024,NIFTY50,23030.51
7/30/2024,NIFTY50,22827.69
7/31/2024,NIFTY50,22704.38
8/1/2024,NIFTY50,22650.66
8/2/2024,NIFTY50,22431.03
8/5/2024,NIFTY50,22584.78
8/6/2024,NIFTY50,22404.45
8/7/2024,NIFTY50,22532.78
8/8/2024,NIFTY50,22452.13
8/9/2024,NIFTY50,22367.52
8/12/2024,NIFTY50,22526.84
8/13/2024,NIFTY50,22647.1
8/14/2024,NIFTY50,22735.91
8/15/2024,NIFTY50,22420.47
8/16/2024,NIFTY50,22650.74
8/19/2024,NIFTY50,22929.48
8/20/2024,NIFTY50,22884.85
8/21/2024,NIFTY50,22709.62
8/22/2024,NIFTY50,22490.05
8/23/2024,NIFTY50,22439.05
8/26/2024,NIFTY50,22243.53
8/27/2024,NIFTY50,22207.46
8/28/2024,NIFTY50,22110.53
8/29/2024,NIFTY50,21873.88
8/30/2024,NIFTY50,21757.43
9/2/2024,NIFTY50,21776.98
9/3/2024,NIFTY50,21618.96
9/4/2024,NIFTY50,21560.82
9/5/2024,NIFTY50,21723.49
9/6/2024,NIFTY50,21594.36
9/9/2024,NIFTY50,21435
9/10/2024,NIFTY50,21460.45
9/11/2024,NIFTY50,21670.03
9/12/2024,NIFTY50,21751.37
9/13/2024,NIFTY50,21636.51
9/16/2024,NIFTY50,21521.66
9/17/2024,NIFTY50,21440.2
9/18/2024,NIFTY50,21386.9
9/19/2024,NIFTY50,21833.13
9/20/2024,NIFTY50,21860.06
9/23/2024,NIFTY50,22193.05
9/24/2024,NIFTY50,22353.15
9/25/2024,NIFTY50,21904.89
9/26/2024,NIFTY50,21823.42
9/27/2024,NIFTY50,21820.83
9/30/2024,NIFTY50,21860.32
10/1/2024,NIFTY50,21882.13
10/2/2024,NIFTY50,21585.33
10/3/2024,NIFTY50,21285.85
10/4/2024,NIFTY50,21287.69
10/7/2024,NIFTY50,21226.63
10/8/2024,NIFTY50,21458.83
10/9/2024,NIFTY50,21469.47
10/10/2024,NIFTY50,21614.9
10/11/2024,NIFTY50,21740.08
10/14/2024,NIFTY50,21737.68
10/15/2024,NIFTY50,21945.12
10/16/2024,NIFTY50,21871.8
10/17/2024,NIFTY50,21872.35
10/18/2024,NIFTY50,21894.68
10/21/2024,NIFTY50,21753.58
10/22/2024,NIFTY50,21557.84
10/23/2024,NIFTY50,21341.42
10/24/2024,NIFTY50,21169.13
10/25/2024,NIFTY50,21155.33
10/28/2024,NIFTY50,21218.4
10/29/2024,NIFTY50,21010.6
10/30/2024,NIFTY50,21029.77
10/31/2024,NIFTY50,20995.61
11/1/2024,NIFTY50,21165.71
11/4/2024,NIFTY50,21088.33
11/5/2024,NIFTY50,21373.95
11/6/2024,NIFTY50,21517.91
11/7/2024,NIFTY50,21469.52
11/8/2024,NIFTY50,21383.49
11/11/2024,NIFTY50,21549.43
11/12/2024,NIFTY50,21500.74
11/13/2024,NIFTY50,21517.68
11/14/2024,NIFTY50,21438.01
11/15/2024,NIFTY50,21350.68
11/18/2024,NIFTY50,21147.94
11/19/2024,NIFTY50,21396.52
11/20/2024,NIFTY50,21337.55
11/21/2024,NIFTY50,21371.25
11/22/2024,NIFTY50,21467.6
11/25/2024,NIFTY50,21717.8
11/26/2024,NIFTY50,21628.92
11/27/2024,NIFTY50,21234.91
11/28/2024,NIFTY50,21260.85
11/29/2024,NIFTY50,21358.1
12/2/2024,NIFTY50,21273.83
12/3/2024,NIFTY50,21379.73
12/4/2024,NIFTY50,21390.01
12/5/2024,NIFTY50,21338.71
12/6/2024,NIFTY50,21582
12/9/2024,NIFTY50,21535.65
12/10/2024,NIFTY50,21840.26
12/11/2024,NIFTY50,21856.57
12/12/2024,NIFTY50,21718.53
12/13/2024,NIFTY50,21392.39
12/16/2024,NIFTY50,21612.32
12/17/2024,NIFTY50,21792.31
12/18/2024,NIFTY50,21945.2
12/19/2024,NIFTY50,22187.83
12/20/2024,NIFTY50,22527.48
12/23/2024,NIFTY50,22146.78
12/24/2024,NIFTY50,21838.5
12/25/2024,NIFTY50,21798.66
12/26/2024,NIFTY50,21984.51
12/27/2024,NIFTY50,22047.05
12/30/2024,NIFTY50,22110.15
12/31/2024,NIFTY50,22040.14
1/1/2025,NIFTY50,21898.36
1/2/2025,NIFTY50,21891.34
1/3/2025,NIFTY50,21856.17
1/6/2025,NIFTY50,21786.26
1/7/2025,NIFTY50,21909.21
1/8/2025,NIFTY50,21917.86
1/9/2025,NIFTY50,22007.87
1/10/2025,NIFTY50,21998.22
1/13/2025,NIFTY50,22132.75
1/14/2025,NIFTY50,21943.93
1/15/2025,NIFTY50,21701.58
1/16/2025,NIFTY50,21652.11
1/17/2025,NIFTY50,21798.48
1/20/2025,NIFTY50,21744.26
1/21/2025,NIFTY50,22120.01
1/22/2025,NIFTY50,21946.64
1/23/2025,NIFTY50,21922.3
1/24/2025,NIFTY50,21605.35
1/27/2025,NIFTY50,21878.84
1/28/2025,NIFTY50,21867.68
1/29/2025,NIFTY50,21460.36
1/30/2025,NIFTY50,21415.14
1/31/2025,NIFTY50,20978.61
2/3/2025,NIFTY50,21199.23
2/4/2025,NIFTY50,21051.69
2/5/2025,NIFTY50,21068.72
2/6/2025,NIFTY50,20951.31
2/7/2025,NIFTY50,20926.99
2/10/2025,NIFTY50,21075.16
2/11/2025,NIFTY50,21015.32
2/12/2025,NIFTY50,21121.5
2/13/2025,NIFTY50,20650.3
2/14/2025,NIFTY50,20445.87
2/17/2025,NIFTY50,20464.36
2/18/2025,NIFTY50,20353.97
2/19/2025,NIFTY50,20560.37
2/20/2025,NIFTY50,20711.63
2/21/2025,NIFTY50,20954.15
2/24/2025,NIFTY50,20981.05
2/25/2025,NIFTY50,20863.63
2/26/2025,NIFTY50,20978.52
2/27/2025,NIFTY50,20808.01
2/28/2025,NIFTY50,20768.48
3/3/2025,NIFTY50,20847.94
3/4/2025,NIFTY50,20737.75
3/5/2025,NIFTY50,21157.49
3/6/2025,NIFTY50,21292.87
3/7/2025,NIFTY50,21143.25
3/10/2025,NIFTY50,21319.95
3/11/2025,NIFTY50,21617.26
3/12/2025,NIFTY50,21362.09
3/13/2025,NIFTY50,21597.43
3/14/2025,NIFTY50,21385.56
3/17/2025,NIFTY50,21394.22
3/18/2025,NIFTY50,21435.1
3/19/2025,NIFTY50,21329.91
3/20/2025,NIFTY50,21224.67
3/21/2025,NIFTY50,21086.44
3/24/2025,NIFTY50,21003.35
3/25/2025,NIFTY50,20842.98
3/26/2025,NIFTY50,21043.85
3/27/2025,NIFTY50,20801.86
3/28/2025,NIFTY50,21120.45
3/31/2025,NIFTY50,21107.42
4/1/2025,NIFTY50,20758.3
4/2/2025,NIFTY50,20900.04
4/3/2025,NIFTY50,20843.6
4/4/2025,NIFTY50,20650.82
4/7/2025,NIFTY50,20602.99
4/8/2025,NIFTY50,20482.53
4/9/2025,NIFTY50,20709.48
4/10/2025,NIFTY50,20587.3
4/11/2025,NIFTY50,20374.92
4/14/2025,NIFTY50,20266.64
4/15/2025,NIFTY50,20112.15
4/16/2025,NIFTY50,20300.03
4/17/2025,NIFTY50,20343.18
4/18/2025,NIFTY50,20109.89
4/21/2025,NIFTY50,19946.22
4/22/2025,NIFTY50,19883.09
4/23/2025,NIFTY50,19594.65
4/24/2025,NIFTY50,19426.95
4/25/2025,NIFTY50,19487.87
4/28/2025,NIFTY50,19789.04
4/29/2025,NIFTY50,19502.75
4/30/2025,NIFTY50,19952.62
5/1/2025,NIFTY50,20023.5
5/2/2025,NIFTY50,19847.79
5/5/2025,NIFTY50,20107.16
5/6/2025,NIFTY50,20185.78
5/7/2025,NIFTY50,20335.79
5/8/2025,NIFTY50,20483.46
5/9/2025,NIFTY50,20674.47
5/12/2025,NIFTY50,20473.51
5/13/2025,NIFTY50,20619.09
5/14/2025,NIFTY50,20637.93
5/15/2025,NIFTY50,20746.22
5/16/2025,NIFTY50,20641.62
5/19/2025,NIFTY50,20542.34
5/20/2025,NIFTY50,20454.84
5/21/2025,NIFTY50,20587.5
5/22/2025,NIFTY50,20583.11
5/23/2025,NIFTY50,20502.19
5/26/2025,NIFTY50,20455.39
5/27/2025,NIFTY50,20675.83
5/28/2025,NIFTY50,20769.54
5/29/2025,NIFTY50,20857.58
5/30/2025,NIFTY50,20913.08
6/2/2025,NIFTY50,21107.5
6/3/2025,NIFTY50,20935.42
6/4/2025,NIFTY50,21097.91
6/5/2025,NIFTY50,21121.17
6/6/2025,NIFTY50,20970.41
6/9/2025,NIFTY50,20977.09
6/10/2025,NIFTY50,20939.94
6/11/2025,NIFTY50,21008.55
6/12/2025,NIFTY50,21174.14
6/13/2025,NIFTY50,20989.16
6/16/2025,NIFTY50,21296.6
6/17/2025,NIFTY50,21015.5
6/18/2025,NIFTY50,20898.4
6/19/2025,NIFTY50,21248.57
6/20/2025,NIFTY50,21001.73
6/23/2025,NIFTY50,20910.16
6/24/2025,NIFTY50,20787.22
6/25/2025,NIFTY50,20389.07
6/26/2025,NIFTY50,20380.39
6/27/2025,NIFTY50,20464.36
6/30/2025,NIFTY50,20548.17
7/1/2025,NIFTY50,20458.04
7/2/2025,NIFTY50,20138.08
7/3/2025,NIFTY50,20032.04
7/4/2025,NIFTY50,19892.88
7/7/2025,NIFTY50,19942.66
7/8/2025,NIFTY50,19857.84
7/9/2025,NIFTY50,19930.69
7/10/2025,NIFTY50,19624.86
7/11/2025,NIFTY50,19732.14
7/14/2025,NIFTY50,19820.07
7/15/2025,NIFTY50,19646.82
7/16/2025,NIFTY50,19535.62
7/17/2025,NIFTY50,19487.91
7/18/2025,NIFTY50,19665.12
7/21/2025,NIFTY50,19621.67
7/22/2025,NIFTY50,19679.59
7/23/2025,NIFTY50,19683.16
7/24/2025,NIFTY50,19834.61
7/25/2025,NIFTY50,19866.08
7/28/2025,NIFTY50,19669.27
7/29/2025,NIFTY50,19631.76
7/30/2025,NIFTY50,19798.35
7/31/2025,NIFTY50,19856.06
8/1/2025,NIFTY50,19663.19
8/4/2025,NIFTY50,19956.72
8/5/2025,NIFTY50,19863.21
8/6/2025,NIFTY50,20020.43
8/7/2025,NIFTY50,20259.68
8/8/2025,NIFTY50,20442.73
8/11/2025,NIFTY50,20302.52
8/12/2025,NIFTY50,20492.23
8/13/2025,NIFTY50,20540.34
8/14/2025,NIFTY50,20327.49
8/15/2025,NIFTY50,20321.95
8/18/2025,NIFTY50,20165.11
8/19/2025,NIFTY50,20238.79
8/20/2025,NIFTY50,20379.02
8/21/2025,NIFTY50,20577.01
8/22/2025,NIFTY50,20573.44
8/25/2025,NIFTY50,20428.68
8/26/2025,NIFTY50,20237.5
8/27/2025,NIFTY50,20359.35
8/28/2025,NIFTY50,20531.62
8/29/2025,NIFTY50,20633.24
9/1/2025,NIFTY50,20498.69
9/2/2025,NIFTY50,20400.89
9/3/2025,NIFTY50,20314.81
9/4/2025,NIFTY50,20075.62
9/5/2025,NIFTY50,20167.91
9/8/2025,NIFTY50,20153.66
9/9/2025,NIFTY50,20400.72
9/10/2025,NIFTY50,20248.26
9/11/2025,NIFTY50,20233.43
9/12/2025,NIFTY50,20037.29
9/15/2025,NIFTY50,19984.15
9/16/2025,NIFTY50,20123.23
9/17/2025,NIFTY50,20141.99
9/18/2025,NIFTY50,19992.62
9/19/2025,NIFTY50,19758.05
9/22/2025,NIFTY50,19713.28
9/23/2025,NIFTY50,19755.9
9/24/2025,NIFTY50,19898.51
9/25/2025,NIFTY50,19786.63
9/26/2025,NIFTY50,19671.28
9/29/2025,NIFTY50,20025.86
9/30/2025,NIFTY50,20031.45
10/1/2025,NIFTY50,20198.11
10/2/2025,NIFTY50,19999.37
10/3/2025,NIFTY50,20061.7
10/6/2025,NIFTY50,20192.97
10/7/2025,NIFTY50,20212.15
10/8/2025,NIFTY50,19935.59
10/9/2025,NIFTY50,19797.34
10/10/2025,NIFTY50,19866.46
10/13/2025,NIFTY50,19617.49
10/14/2025,NIFTY50,20038.2
10/15/2025,NIFTY50,20235.74
10/16/2025,NIFTY50,19997.05
10/17/2025,NIFTY50,20049.63
10/20/2025,NIFTY50,20071.64
10/21/2025,NIFTY50,20261.08
10/22/2025,NIFTY50,19860.45
10/23/2025,NIFTY50,19897.55
10/24/2025,NIFTY50,19712.01
10/27/2025,NIFTY50,19792.4
10/28/2025,NIFTY50,19626.23
10/29/2025,NIFTY50,19856.98
10/30/2025,NIFTY50,19916.8
10/31/2025,NIFTY50,19634.35
11/3/2025,NIFTY50,19237.47
11/4/2025,NIFTY50,19325.33
11/5/2025,NIFTY50,19224.82
11/6/2025,NIFTY50,19324.55
11/7/2025,NIFTY50,19229.58
11/10/2025,NIFTY50,19429.29
11/11/2025,NIFTY50,19599.87
11/12/2025,NIFTY50,19678.69
11/13/2025,NIFTY50,19543.62
11/14/2025,NIFTY50,19459.3
11/17/2025,NIFTY50,19427.32
11/18/2025,NIFTY50,19270.2
11/19/2025,NIFTY50,19384.09
11/20/2025,NIFTY50,19341.65
11/21/2025,NIFTY50,19322.07
11/24/2025,NIFTY50,19249.08
11/25/2025,NIFTY50,19255.41
11/26/2025,NIFTY50,19292.28
11/27/2025,NIFTY50,19215.07
11/28/2025,NIFTY50,19187.01
12/1/2025,NIFTY50,19123.08
12/2/2025,NIFTY50,19059.76
12/3/2025,NIFTY50,19072.05
12/4/2025,NIFTY50,18685.61
12/5/2025,NIFTY50,18910.47
12/8/2025,NIFTY50,19038.06
12/9/2025,NIFTY50,19072.17
12/10/2025,NIFTY50,19212.55
12/11/2025,NIFTY50,19009.32
12/12/2025,NIFTY50,18748.29
12/15/2025,NIFTY50,18469.26
12/16/2025,NIFTY50,18543.66
12/17/2025,NIFTY50,18573.96
12/18/2025,NIFTY50,18637.62
12/19/2025,NIFTY50,18789.93
12/22/2025,NIFTY50,18436.93
12/23/2025,NIFTY50,18265.14
12/24/2025,NIFTY50,18176.35
12/25/2025,NIFTY50,18284.4
12/26/2025,NIFTY50,18315.42
12/29/2025,NIFTY50,18723.63
12/30/2025,NIFTY50,18565.61
12/31/2025,NIFTY50,18654.07
1/1/2026,NIFTY50,18808.75
1/2/2026,NIFTY50,19044.78
1/5/2026,NIFTY50,19021.88
1/6/2026,NIFTY50,18829.06
1/7/2026,NIFTY50,18939.51
1/8/2026,NIFTY50,18993.86
1/9/2026,NIFTY50,19092.69
1/12/2026,NIFTY50,19314.22
1/13/2026,NIFTY50,19285.86
1/14/2026,NIFTY50,19131.63
1/15/2026,NIFTY50,19229.77
1/16/2026,NIFTY50,19287.53
1/19/2026,NIFTY50,19246.63
1/20/2026,NIFTY50,19097
1/21/2026,NIFTY50,19159.69
1/22/2026,NIFTY50,19303.74
1/23/2026,NIFTY50,19062.89
1/26/2026,NIFTY50,19078.82
1/27/2026,NIFTY50,19180.35
1/28/2026,NIFTY50,19474.49
1/29/2026,NIFTY50,19494.43
1/30/2026,NIFTY50,19753.64
2/2/2026,NIFTY50,19899.21
2/3/2026,NIFTY50,20049.2
2/4/2026,NIFTY50,19926.84
2/5/2026,NIFTY50,20344.88
2/6/2026,NIFTY50,20364.99
2/9/2026,NIFTY50,20408.68
2/10/2026,NIFTY50,20421.69
2/11/2026,NIFTY50,20639.95
2/12/2026,NIFTY50,20983.66
2/13/2026,NIFTY50,21107.37
2/16/2026,NIFTY50,21051.16
2/17/2026,NIFTY50,21356.16
2/18/2026,NIFTY50,21146.71
2/19/2026,NIFTY50,21036.59
2/20/2026,NIFTY50,20808.75
2/23/2026,NIFTY50,20756.19
2/24/2026,NIFTY50,20937.54
2/25/2026,NIFTY50,20909.28
2/26/2026,NIFTY50,20929.33
2/27/2026,NIFTY50,21001.87
3/2/2026,NIFTY50,20972.58
3/3/2026,NIFTY50,20791.56
3/4/2026,NIFTY50,20521.62
3/5/2026,NIFTY50,20752.23
3/6/2026,NIFTY50,20654.41
3/9/2026,NIFTY50,20548.58
3/10/2026,NIFTY50,20308.33
3/11/2026,NIFTY50,20295.16
3/12/2026,NIFTY50,20395.24
3/13/2026,NIFTY50,20344.18
3/16/2026,NIFTY50,20412.45
3/17/2026,NIFTY50,20094.33
3/18/2026,NIFTY50,20131.99
3/19/2026,NIFTY50,20074.22
3/20/2026,NIFTY50,19848.33
3/23/2026,NIFTY50,19596.33
3/24/2026,NIFTY50,19468.16
3/25/2026,NIFTY50,19284.67
3/26/2026,NIFTY50,19348.8
3/27/2026,NIFTY50,19427.12
3/30/2026,NIFTY50,19463.75
3/31/2026,NIFTY50,19533.12
4/1/2026,NIFTY50,19292.7
4/2/2026,NIFTY50,19382.35
4/3/2026,NIFTY50,19497.75
4/6/2026,NIFTY50,19550.84
4/7/2026,NIFTY50,19544.45
4/8/2026,NIFTY50,19435.22
4/9/2026,NIFTY50,19498.48
4/10/2026,NIFTY50,19446.79
4/13/2026,NIFTY50,19603.64
4/14/2026,NIFTY50,19657.57
4/15/2026,NIFTY50,19639.87
4/16/2026,NIFTY50,19594.15
4/17/2026,NIFTY50,19578.04
4/20/2026,NIFTY50,19562.71
4/21/2026,NIFTY50,19559.56
4/22/2026,NIFTY50,19362.93
4/23/2026,NIFTY50,19410.04
4/24/2026,NIFTY50,19446.39
4/27/2026,NIFTY50,19268.82
4/28/2026,NIFTY50,19314.38
4/29/2026,NIFTY50,19321.75
4/30/2026,NIFTY50,19199.98
5/1/2026,NIFTY50,19304.74
5/4/2026,NIFTY50,19526.9
5/5/2026,NIFTY50,19444.78
5/6/2026,NIFTY50,19470.77
5/7/2026,NIFTY50,19680.29
5/8/2026,NIFTY50,19339.3
5/11/2026,NIFTY50,19650.77
5/12/2026,NIFTY50,19673.07
5/13/2026,NIFTY50,19804.92
5/14/2026,NIFTY50,19540.09
5/15/2026,NIFTY50,19332.08
5/18/2026,NIFTY50,19189.06
5/19/2026,NIFTY50,19032.79
5/20/2026,NIFTY50,18681.88
5/21/2026,NIFTY50,18509.36
5/22/2026,NIFTY50,18392.58
5/25/2026,NIFTY50,18186.57
5/26/2026,NIFTY50,18418.36
5/27/2026,NIFTY50,18523.57
5/28/2026,NIFTY50,18421.08
5/29/2026,NIFTY50,18517.65
1/3/2022,NIFTY100,17778.24
1/4/2022,NIFTY100,17537.52
1/5/2022,NIFTY100,17607.73
1/6/2022,NIFTY100,17556.05
1/7/2022,NIFTY100,17664.02
1/10/2022,NIFTY100,17516.51
1/11/2022,NIFTY100,17603.08
1/12/2022,NIFTY100,17763.76
1/13/2022,NIFTY100,17830.3
1/14/2022,NIFTY100,17578.93
1/17/2022,NIFTY100,17945.01
1/18/2022,NIFTY100,18041.24
1/19/2022,NIFTY100,18014.52
1/20/2022,NIFTY100,18115.34
1/21/2022,NIFTY100,18440.19
1/24/2022,NIFTY100,18236.66
1/25/2022,NIFTY100,18409.39
1/26/2022,NIFTY100,18393.08
1/27/2022,NIFTY100,18354.08
1/28/2022,NIFTY100,18324.13
1/31/2022,NIFTY100,18021.52
2/1/2022,NIFTY100,18101.19
2/2/2022,NIFTY100,17753.35
2/3/2022,NIFTY100,17685.95
2/4/2022,NIFTY100,17621.67
2/7/2022,NIFTY100,17574.94
2/8/2022,NIFTY100,17275.41
2/9/2022,NIFTY100,17410.12
2/10/2022,NIFTY100,17157.83
2/11/2022,NIFTY100,17036.29
2/14/2022,NIFTY100,16968.48
2/15/2022,NIFTY100,16932.91
2/16/2022,NIFTY100,16993.92
2/17/2022,NIFTY100,17004.75
2/18/2022,NIFTY100,17284.03
2/21/2022,NIFTY100,17341.61
2/22/2022,NIFTY100,17389.05
2/23/2022,NIFTY100,17315.49
2/24/2022,NIFTY100,17366.81
2/25/2022,NIFTY100,17305.72
2/28/2022,NIFTY100,17246.14
3/1/2022,NIFTY100,17708.25
3/2/2022,NIFTY100,17941.93
3/3/2022,NIFTY100,17823.22
3/4/2022,NIFTY100,17926.74
3/7/2022,NIFTY100,17975.01
3/8/2022,NIFTY100,17886.24
3/9/2022,NIFTY100,18202.81
3/10/2022,NIFTY100,18181.6
3/11/2022,NIFTY100,18397.76
3/14/2022,NIFTY100,18307.51
3/15/2022,NIFTY100,18481.95
3/16/2022,NIFTY100,18694.14
3/17/2022,NIFTY100,18555.09
3/18/2022,NIFTY100,18514.06
3/21/2022,NIFTY100,18509.77
3/22/2022,NIFTY100,18768.1
3/23/2022,NIFTY100,19017.38
3/24/2022,NIFTY100,18964.88
3/25/2022,NIFTY100,18914.38
3/28/2022,NIFTY100,18961.42
3/29/2022,NIFTY100,18727.88
3/30/2022,NIFTY100,18933.02
3/31/2022,NIFTY100,18808.63
4/1/2022,NIFTY100,18832.6
4/4/2022,NIFTY100,19059.05
4/5/2022,NIFTY100,19137.78
4/6/2022,NIFTY100,19084.64
4/7/2022,NIFTY100,18934.49
4/8/2022,NIFTY100,18934.99
4/11/2022,NIFTY100,18899.18
4/12/2022,NIFTY100,19319
4/13/2022,NIFTY100,19201.15
4/14/2022,NIFTY100,19126.79
4/15/2022,NIFTY100,18979.48
4/18/2022,NIFTY100,18948.25
4/19/2022,NIFTY100,19038.49
4/20/2022,NIFTY100,18900.52
4/21/2022,NIFTY100,18964.24
4/22/2022,NIFTY100,18785.85
4/25/2022,NIFTY100,18938.86
4/26/2022,NIFTY100,18877.06
4/27/2022,NIFTY100,18835.56
4/28/2022,NIFTY100,19062.91
4/29/2022,NIFTY100,19003.96
5/2/2022,NIFTY100,19074.95
5/3/2022,NIFTY100,19194.71
5/4/2022,NIFTY100,19409.57
5/5/2022,NIFTY100,19471.08
5/6/2022,NIFTY100,19429.86
5/9/2022,NIFTY100,19356.19
5/10/2022,NIFTY100,19415.4
5/11/2022,NIFTY100,19304.29
5/12/2022,NIFTY100,19399.12
5/13/2022,NIFTY100,19440.34
5/16/2022,NIFTY100,19264.63
5/17/2022,NIFTY100,19080.87
5/18/2022,NIFTY100,19102.89
5/19/2022,NIFTY100,19067.09
5/20/2022,NIFTY100,19204.03
5/23/2022,NIFTY100,19069.38
5/24/2022,NIFTY100,19193.13
5/25/2022,NIFTY100,19322.17
5/26/2022,NIFTY100,19145.13
5/27/2022,NIFTY100,19119.34
5/30/2022,NIFTY100,19343.66
5/31/2022,NIFTY100,19416.48
6/1/2022,NIFTY100,19410.05
6/2/2022,NIFTY100,19556.26
6/3/2022,NIFTY100,19487
6/6/2022,NIFTY100,19444.01
6/7/2022,NIFTY100,19480.14
6/8/2022,NIFTY100,19717.53
6/9/2022,NIFTY100,19578.72
6/10/2022,NIFTY100,19663.7
6/13/2022,NIFTY100,19608.79
6/14/2022,NIFTY100,19818.79
6/15/2022,NIFTY100,19952.95
6/16/2022,NIFTY100,19949.96
6/17/2022,NIFTY100,20057.29
6/20/2022,NIFTY100,19972.35
6/21/2022,NIFTY100,19878.43
6/22/2022,NIFTY100,20303.14
6/23/2022,NIFTY100,20250.89
6/24/2022,NIFTY100,20290.1
6/27/2022,NIFTY100,20234.6
6/28/2022,NIFTY100,20032.29
6/29/2022,NIFTY100,19875.01
6/30/2022,NIFTY100,19939.67
7/1/2022,NIFTY100,19719.91
7/4/2022,NIFTY100,19614.71
7/5/2022,NIFTY100,19729.15
7/6/2022,NIFTY100,19775.18
7/7/2022,NIFTY100,19717.89
7/8/2022,NIFTY100,19655.8
7/11/2022,NIFTY100,19500.02
7/12/2022,NIFTY100,19868.74
7/13/2022,NIFTY100,19718.85
7/14/2022,NIFTY100,19892.19
7/15/2022,NIFTY100,19544.68
7/18/2022,NIFTY100,19694.66
7/19/2022,NIFTY100,19862.37
7/20/2022,NIFTY100,19720.69
7/21/2022,NIFTY100,19630.58
7/22/2022,NIFTY100,19812.46
7/25/2022,NIFTY100,19637.43
7/26/2022,NIFTY100,19717.19
7/27/2022,NIFTY100,19617.51
7/28/2022,NIFTY100,19772.14
7/29/2022,NIFTY100,20085.58
8/1/2022,NIFTY100,19930.27
8/2/2022,NIFTY100,20036.16
8/3/2022,NIFTY100,20206.94
8/4/2022,NIFTY100,19889.07
8/5/2022,NIFTY100,20062.89
8/8/2022,NIFTY100,20130.13
8/9/2022,NIFTY100,20245.74
8/10/2022,NIFTY100,19954.81
8/11/2022,NIFTY100,20086.31
8/12/2022,NIFTY100,20065.79
8/15/2022,NIFTY100,19888.96
8/16/2022,NIFTY100,20013.04
8/17/2022,NIFTY100,20156.02
8/18/2022,NIFTY100,20152.94
8/19/2022,NIFTY100,20222.54
8/22/2022,NIFTY100,20205.4
8/23/2022,NIFTY100,19988.63
8/24/2022,NIFTY100,19974.53
8/25/2022,NIFTY100,20181.37
8/26/2022,NIFTY100,20392.73
8/29/2022,NIFTY100,20264.99
8/30/2022,NIFTY100,20314.45
8/31/2022,NIFTY100,20336.89
9/1/2022,NIFTY100,20429.1
9/2/2022,NIFTY100,20447.55
9/5/2022,NIFTY100,20578.64
9/6/2022,NIFTY100,20518.78
9/7/2022,NIFTY100,20714.88
9/8/2022,NIFTY100,20634.8
9/9/2022,NIFTY100,20677.2
9/12/2022,NIFTY100,20800.12
9/13/2022,NIFTY100,20847.1
9/14/2022,NIFTY100,20460.79
9/15/2022,NIFTY100,20520.74
9/16/2022,NIFTY100,20646.74
9/19/2022,NIFTY100,20707.04
9/20/2022,NIFTY100,20877.22
9/21/2022,NIFTY100,21088.58
9/22/2022,NIFTY100,20978.92
9/23/2022,NIFTY100,20696.37
9/26/2022,NIFTY100,20503.81
9/27/2022,NIFTY100,20525.56
9/28/2022,NIFTY100,20638.67
9/29/2022,NIFTY100,20627.39
9/30/2022,NIFTY100,20404.81
10/3/2022,NIFTY100,20464.22
10/4/2022,NIFTY100,20475.87
10/5/2022,NIFTY100,20512.63
10/6/2022,NIFTY100,20828.8
10/7/2022,NIFTY100,20978.85
10/10/2022,NIFTY100,20965.83
10/11/2022,NIFTY100,20749.25
10/12/2022,NIFTY100,20989.02
10/13/2022,NIFTY100,20697.42
10/14/2022,NIFTY100,20659.58
10/17/2022,NIFTY100,20467.28
10/18/2022,NIFTY100,20408.72
10/19/2022,NIFTY100,20403.29
10/20/2022,NIFTY100,20194.29
10/21/2022,NIFTY100,19802.72
10/24/2022,NIFTY100,19656.01
10/25/2022,NIFTY100,19448.56
10/26/2022,NIFTY100,19305.94
10/27/2022,NIFTY100,19270.45
10/28/2022,NIFTY100,19521.37
10/31/2022,NIFTY100,19435.11
11/1/2022,NIFTY100,19360.14
11/2/2022,NIFTY100,19352.78
11/3/2022,NIFTY100,19467.23
11/4/2022,NIFTY100,19566.26
11/7/2022,NIFTY100,19270.38
11/8/2022,NIFTY100,19115.3
11/9/2022,NIFTY100,19298.68
11/10/2022,NIFTY100,19225.62
11/11/2022,NIFTY100,19387.08
11/14/2022,NIFTY100,19510.58
11/15/2022,NIFTY100,19164.58
11/16/2022,NIFTY100,18915.37
11/17/2022,NIFTY100,18872.81
11/18/2022,NIFTY100,18943.83
11/21/2022,NIFTY100,18911.39
11/22/2022,NIFTY100,18890.22
11/23/2022,NIFTY100,18904.59
11/24/2022,NIFTY100,18897.98
11/25/2022,NIFTY100,18901.92
11/28/2022,NIFTY100,18547.32
11/29/2022,NIFTY100,18508.87
11/30/2022,NIFTY100,18469.12
12/1/2022,NIFTY100,18317.08
12/2/2022,NIFTY100,18211.2
12/5/2022,NIFTY100,17972.63
12/6/2022,NIFTY100,18038.11
12/7/2022,NIFTY100,17877.15
12/8/2022,NIFTY100,17867.98
12/9/2022,NIFTY100,17804.79
12/12/2022,NIFTY100,17786.27
12/13/2022,NIFTY100,17927.89
12/14/2022,NIFTY100,17829.02
12/15/2022,NIFTY100,17822.91
12/16/2022,NIFTY100,17924.82
12/19/2022,NIFTY100,17955.99
12/20/2022,NIFTY100,17848.08
12/21/2022,NIFTY100,17631.29
12/22/2022,NIFTY100,17519.19
12/23/2022,NIFTY100,17553.59
12/26/2022,NIFTY100,17555.35
12/27/2022,NIFTY100,17655.66
12/28/2022,NIFTY100,17616.17
12/29/2022,NIFTY100,17513.12
12/30/2022,NIFTY100,17309.66
1/2/2023,NIFTY100,17146.9
1/3/2023,NIFTY100,17008.52
1/4/2023,NIFTY100,17200.21
1/5/2023,NIFTY100,17042.63
1/6/2023,NIFTY100,16888.11
1/9/2023,NIFTY100,16797.95
1/10/2023,NIFTY100,16948.6
1/11/2023,NIFTY100,17022.31
1/12/2023,NIFTY100,16994.79
1/13/2023,NIFTY100,16784.06
1/16/2023,NIFTY100,16773.95
1/17/2023,NIFTY100,16878.51
1/18/2023,NIFTY100,17057.81
1/19/2023,NIFTY100,16741.43
1/20/2023,NIFTY100,16620.92
1/23/2023,NIFTY100,16619
1/24/2023,NIFTY100,16774.51
1/25/2023,NIFTY100,16579.25
1/26/2023,NIFTY100,16415.2
1/27/2023,NIFTY100,16336.99
1/30/2023,NIFTY100,16134.8
1/31/2023,NIFTY100,15861.67
2/1/2023,NIFTY100,16123.73
2/2/2023,NIFTY100,16074.67
2/3/2023,NIFTY100,15973.29
2/6/2023,NIFTY100,15803.43
2/7/2023,NIFTY100,15783.04
2/8/2023,NIFTY100,15696.6
2/9/2023,NIFTY100,15782.39
2/10/2023,NIFTY100,15628.56
2/13/2023,NIFTY100,15610.58
2/14/2023,NIFTY100,15587.12
2/15/2023,NIFTY100,15639.92
2/16/2023,NIFTY100,15600.82
2/17/2023,NIFTY100,15658.67
2/20/2023,NIFTY100,15680.83
2/21/2023,NIFTY100,15775.37
2/22/2023,NIFTY100,15835.71
2/23/2023,NIFTY100,15795.71
2/24/2023,NIFTY100,15995.36
2/27/2023,NIFTY100,15912.35
2/28/2023,NIFTY100,16097.23
3/1/2023,NIFTY100,16224.73
3/2/2023,NIFTY100,16299.24
3/3/2023,NIFTY100,16283.17
3/6/2023,NIFTY100,16186.05
3/7/2023,NIFTY100,16208.57
3/8/2023,NIFTY100,16229.83
3/9/2023,NIFTY100,16212.94
3/10/2023,NIFTY100,16281.66
3/13/2023,NIFTY100,16399.37
3/14/2023,NIFTY100,16284.55
3/15/2023,NIFTY100,16193.4
3/16/2023,NIFTY100,16022.88
3/17/2023,NIFTY100,16068.83
3/20/2023,NIFTY100,16273.47
3/21/2023,NIFTY100,16096
3/22/2023,NIFTY100,15993.54
3/23/2023,NIFTY100,15812.68
3/24/2023,NIFTY100,15741.89
3/27/2023,NIFTY100,15475.61
3/28/2023,NIFTY100,15621.75
3/29/2023,NIFTY100,15715.54
3/30/2023,NIFTY100,15746.73
3/31/2023,NIFTY100,15870.66
4/3/2023,NIFTY100,15988.63
4/4/2023,NIFTY100,15987.69
4/5/2023,NIFTY100,15819.59
4/6/2023,NIFTY100,15729.21
4/7/2023,NIFTY100,15725.39
4/10/2023,NIFTY100,15633.06
4/11/2023,NIFTY100,15863.48
4/12/2023,NIFTY100,15891.47
4/13/2023,NIFTY100,15912.48
4/14/2023,NIFTY100,16044.02
4/17/2023,NIFTY100,16088.1
4/18/2023,NIFTY100,16060.87
4/19/2023,NIFTY100,16268.97
4/20/2023,NIFTY100,16334.72
4/21/2023,NIFTY100,16276.53
4/24/2023,NIFTY100,16308.08
4/25/2023,NIFTY100,16245.2
4/26/2023,NIFTY100,16144.11
4/27/2023,NIFTY100,16256.61
4/28/2023,NIFTY100,16197.72
5/1/2023,NIFTY100,16103.92
5/2/2023,NIFTY100,16135.48
5/3/2023,NIFTY100,16282.42
5/4/2023,NIFTY100,16012.4
5/5/2023,NIFTY100,15925.28
5/8/2023,NIFTY100,15643.97
5/9/2023,NIFTY100,15223.57
5/10/2023,NIFTY100,15236.78
5/11/2023,NIFTY100,15080.39
5/12/2023,NIFTY100,15182.46
5/15/2023,NIFTY100,15041.07
5/16/2023,NIFTY100,15120.8
5/17/2023,NIFTY100,15163.88
5/18/2023,NIFTY100,15055.37
5/19/2023,NIFTY100,15000.54
5/22/2023,NIFTY100,15029.03
5/23/2023,NIFTY100,15101.64
5/24/2023,NIFTY100,15278.47
5/25/2023,NIFTY100,15312.62
5/26/2023,NIFTY100,15314.19
5/29/2023,NIFTY100,15324.41
5/30/2023,NIFTY100,15299.69
5/31/2023,NIFTY100,15248.41
6/1/2023,NIFTY100,15139.5
6/2/2023,NIFTY100,15194.66
6/5/2023,NIFTY100,15097.48
6/6/2023,NIFTY100,15125.97
6/7/2023,NIFTY100,15128.86
6/8/2023,NIFTY100,15215.84
6/9/2023,NIFTY100,15252.62
6/12/2023,NIFTY100,15163.26
6/13/2023,NIFTY100,15033.28
6/14/2023,NIFTY100,15168.87
6/15/2023,NIFTY100,15123.84
6/16/2023,NIFTY100,15305.19
6/19/2023,NIFTY100,14987.25
6/20/2023,NIFTY100,15016.65
6/21/2023,NIFTY100,15129.44
6/22/2023,NIFTY100,15147.46
6/23/2023,NIFTY100,15181.01
6/26/2023,NIFTY100,15259.57
6/27/2023,NIFTY100,15370.58
6/28/2023,NIFTY100,15454.09
6/29/2023,NIFTY100,15617.82
6/30/2023,NIFTY100,15564.88
7/3/2023,NIFTY100,15786.83
7/4/2023,NIFTY100,15661.22
7/5/2023,NIFTY100,15792.09
7/6/2023,NIFTY100,15850.73
7/7/2023,NIFTY100,16152.01
7/10/2023,NIFTY100,16199.27
7/11/2023,NIFTY100,16298.43
7/12/2023,NIFTY100,16086.96
7/13/2023,NIFTY100,16207.62
7/14/2023,NIFTY100,16252.81
7/17/2023,NIFTY100,16358.91
7/18/2023,NIFTY100,16239.48
7/19/2023,NIFTY100,16180.98
7/20/2023,NIFTY100,16212.76
7/21/2023,NIFTY100,16211.03
7/24/2023,NIFTY100,16255.01
7/25/2023,NIFTY100,16284.8
7/26/2023,NIFTY100,16226.47
7/27/2023,NIFTY100,16202.45
7/28/2023,NIFTY100,16111.33
7/31/2023,NIFTY100,16487.1
8/1/2023,NIFTY100,16540.9
8/2/2023,NIFTY100,16788.5
8/3/2023,NIFTY100,16654
8/4/2023,NIFTY100,16649.87
8/7/2023,NIFTY100,16597.05
8/8/2023,NIFTY100,16658.89
8/9/2023,NIFTY100,16694.71
8/10/2023,NIFTY100,16547.88
8/11/2023,NIFTY100,16620.41
8/14/2023,NIFTY100,16664.8
8/15/2023,NIFTY100,16713
8/16/2023,NIFTY100,16879.5
8/17/2023,NIFTY100,17019.12
8/18/2023,NIFTY100,17255.36
8/21/2023,NIFTY100,17311.56
8/22/2023,NIFTY100,17449.92
8/23/2023,NIFTY100,17431.04
8/24/2023,NIFTY100,17466.78
8/25/2023,NIFTY100,17558.45
8/28/2023,NIFTY100,17495.85
8/29/2023,NIFTY100,17513.03
8/30/2023,NIFTY100,17338.47
8/31/2023,NIFTY100,17522.91
9/1/2023,NIFTY100,17713.52
9/4/2023,NIFTY100,17546.73
9/5/2023,NIFTY100,17722.32
9/6/2023,NIFTY100,17871.87
9/7/2023,NIFTY100,17927.29
9/8/2023,NIFTY100,17983.24
9/11/2023,NIFTY100,18076.37
9/12/2023,NIFTY100,17891.41
9/13/2023,NIFTY100,18240.89
9/14/2023,NIFTY100,17928.21
9/15/2023,NIFTY100,17723.25
9/18/2023,NIFTY100,17886.49
9/19/2023,NIFTY100,18030
9/20/2023,NIFTY100,18292.09
9/21/2023,NIFTY100,18316.46
9/22/2023,NIFTY100,18187.19
9/25/2023,NIFTY100,18205.58
9/26/2023,NIFTY100,18341.81
9/27/2023,NIFTY100,18246.42
9/28/2023,NIFTY100,18096.36
9/29/2023,NIFTY100,18109.68
10/2/2023,NIFTY100,18011.46
10/3/2023,NIFTY100,17994.38
10/4/2023,NIFTY100,17912.11
10/5/2023,NIFTY100,18006.34
10/6/2023,NIFTY100,17948.68
10/9/2023,NIFTY100,17881.22
10/10/2023,NIFTY100,17993.35
10/11/2023,NIFTY100,17838.99
10/12/2023,NIFTY100,17715.56
10/13/2023,NIFTY100,17773.24
10/16/2023,NIFTY100,17654.74
10/17/2023,NIFTY100,17852.33
10/18/2023,NIFTY100,17707.44
10/19/2023,NIFTY100,17698.56
10/20/2023,NIFTY100,17581.58
10/23/2023,NIFTY100,17801.94
10/24/2023,NIFTY100,17657.02
10/25/2023,NIFTY100,17945.04
10/26/2023,NIFTY100,17965.84
10/27/2023,NIFTY100,17947.25
10/30/2023,NIFTY100,17651.62
10/31/2023,NIFTY100,17902.62
11/1/2023,NIFTY100,17985.8
11/2/2023,NIFTY100,17815.63
11/3/2023,NIFTY100,17748.2
11/6/2023,NIFTY100,17517.72
11/7/2023,NIFTY100,17414.77
11/8/2023,NIFTY100,17406.75
11/9/2023,NIFTY100,17650.05
11/10/2023,NIFTY100,18022.49
11/13/2023,NIFTY100,18109.97
11/14/2023,NIFTY100,17889.06
11/15/2023,NIFTY100,18242.27
11/16/2023,NIFTY100,17987.98
11/17/2023,NIFTY100,18123.58
11/20/2023,NIFTY100,18141.98
11/21/2023,NIFTY100,18334.81
11/22/2023,NIFTY100,18230.41
11/23/2023,NIFTY100,18394.31
11/24/2023,NIFTY100,18623.08
11/27/2023,NIFTY100,18694.63
11/28/2023,NIFTY100,18705.54
11/29/2023,NIFTY100,18871.49
11/30/2023,NIFTY100,19089.15
12/1/2023,NIFTY100,19025.54
12/4/2023,NIFTY100,18935.92
12/5/2023,NIFTY100,18845.16
12/6/2023,NIFTY100,18510.3
12/7/2023,NIFTY100,18661.21
12/8/2023,NIFTY100,18669.1
12/11/2023,NIFTY100,18634.58
12/12/2023,NIFTY100,18575.85
12/13/2023,NIFTY100,18651.43
12/14/2023,NIFTY100,18559.3
12/15/2023,NIFTY100,18705.12
12/18/2023,NIFTY100,18656.25
12/19/2023,NIFTY100,18490.54
12/20/2023,NIFTY100,18591.22
12/21/2023,NIFTY100,18468.16
12/22/2023,NIFTY100,18466.26
12/25/2023,NIFTY100,18617.09
12/26/2023,NIFTY100,18633.36
12/27/2023,NIFTY100,18658.77
12/28/2023,NIFTY100,18600.74
12/29/2023,NIFTY100,18635.26
1/1/2024,NIFTY100,18549.12
1/2/2024,NIFTY100,18638.25
1/3/2024,NIFTY100,18595.92
1/4/2024,NIFTY100,18576.09
1/5/2024,NIFTY100,18432.33
1/8/2024,NIFTY100,18519.39
1/9/2024,NIFTY100,18445.92
1/10/2024,NIFTY100,18290.2
1/11/2024,NIFTY100,18221.38
1/12/2024,NIFTY100,18352.06
1/15/2024,NIFTY100,18448.21
1/16/2024,NIFTY100,18121.95
1/17/2024,NIFTY100,18027.78
1/18/2024,NIFTY100,18250.11
1/19/2024,NIFTY100,18447.52
1/22/2024,NIFTY100,18267.84
1/23/2024,NIFTY100,18411.51
1/24/2024,NIFTY100,18204.6
1/25/2024,NIFTY100,18088.89
1/26/2024,NIFTY100,17939.5
1/29/2024,NIFTY100,18056.85
1/30/2024,NIFTY100,18070.38
1/31/2024,NIFTY100,18154.2
2/1/2024,NIFTY100,17873.64
2/2/2024,NIFTY100,18012.03
2/5/2024,NIFTY100,18263.65
2/6/2024,NIFTY100,18308.39
2/7/2024,NIFTY100,18617.53
2/8/2024,NIFTY100,18759.69
2/9/2024,NIFTY100,19048.41
2/12/2024,NIFTY100,19021.64
2/13/2024,NIFTY100,19080.74
2/14/2024,NIFTY100,18984.07
2/15/2024,NIFTY100,18768.67
2/16/2024,NIFTY100,18653.02
2/19/2024,NIFTY100,18705.47
2/20/2024,NIFTY100,18522.31
2/21/2024,NIFTY100,18548.37
2/22/2024,NIFTY100,18229.55
2/23/2024,NIFTY100,18188.91
2/26/2024,NIFTY100,18236.42
2/27/2024,NIFTY100,18140.11
2/28/2024,NIFTY100,18102.25
2/29/2024,NIFTY100,18107.93
3/1/2024,NIFTY100,18058.93
3/4/2024,NIFTY100,18109.85
3/5/2024,NIFTY100,17869.4
3/6/2024,NIFTY100,17705.06
3/7/2024,NIFTY100,17565.31
3/8/2024,NIFTY100,17543.19
3/11/2024,NIFTY100,17813.28
3/12/2024,NIFTY100,17906.49
3/13/2024,NIFTY100,17665.04
3/14/2024,NIFTY100,17703.7
3/15/2024,NIFTY100,17632.35
3/18/2024,NIFTY100,17575.17
3/19/2024,NIFTY100,17479
3/20/2024,NIFTY100,17447.25
3/21/2024,NIFTY100,17201.88
3/22/2024,NIFTY100,17192.88
3/25/2024,NIFTY100,17245.57
3/26/2024,NIFTY100,17140.81
3/27/2024,NIFTY100,17074.76
3/28/2024,NIFTY100,16916.57
3/29/2024,NIFTY100,16868.45
4/1/2024,NIFTY100,16888.83
4/2/2024,NIFTY100,16870.69
4/3/2024,NIFTY100,16969.37
4/4/2024,NIFTY100,17110.64
4/5/2024,NIFTY100,17036.23
4/8/2024,NIFTY100,17011.92
4/9/2024,NIFTY100,16866.83
4/10/2024,NIFTY100,16808.29
4/11/2024,NIFTY100,16823.41
4/12/2024,NIFTY100,16935.63
4/15/2024,NIFTY100,16930
4/16/2024,NIFTY100,16980.84
4/17/2024,NIFTY100,16803.86
4/18/2024,NIFTY100,16845.45
4/19/2024,NIFTY100,16733.93
4/22/2024,NIFTY100,16958.47
4/23/2024,NIFTY100,17220.58
4/24/2024,NIFTY100,17447.79
4/25/2024,NIFTY100,17324.95
4/26/2024,NIFTY100,17426.62
4/29/2024,NIFTY100,17082.77
4/30/2024,NIFTY100,17241.35
5/1/2024,NIFTY100,17244.51
5/2/2024,NIFTY100,16997.14
5/3/2024,NIFTY100,17089.16
5/6/2024,NIFTY100,17048.91
5/7/2024,NIFTY100,17008.18
5/8/2024,NIFTY100,17089.87
5/9/2024,NIFTY100,17238.29
5/10/2024,NIFTY100,17284.24
5/13/2024,NIFTY100,16969.97
5/14/2024,NIFTY100,17014.9
5/15/2024,NIFTY100,16878.83
5/16/2024,NIFTY100,16953.11
5/17/2024,NIFTY100,17005.88
5/20/2024,NIFTY100,16968.51
5/21/2024,NIFTY100,16955.82
5/22/2024,NIFTY100,16708.03
5/23/2024,NIFTY100,16929.07
5/24/2024,NIFTY100,16972.13
5/27/2024,NIFTY100,17005.04
5/28/2024,NIFTY100,17044.52
5/29/2024,NIFTY100,16791.53
5/30/2024,NIFTY100,16923.37
5/31/2024,NIFTY100,16863.56
6/3/2024,NIFTY100,16875.43
6/4/2024,NIFTY100,16788.29
6/5/2024,NIFTY100,16616.34
6/6/2024,NIFTY100,16538.08
6/7/2024,NIFTY100,16507.71
6/10/2024,NIFTY100,16501.34
6/11/2024,NIFTY100,16428.76
6/12/2024,NIFTY100,16409.74
6/13/2024,NIFTY100,16364.28
6/14/2024,NIFTY100,16176.78
6/17/2024,NIFTY100,16167.64
6/18/2024,NIFTY100,16158.44
6/19/2024,NIFTY100,16061.79
6/20/2024,NIFTY100,16179.78
6/21/2024,NIFTY100,16173.76
6/24/2024,NIFTY100,16220.61
6/25/2024,NIFTY100,16101.93
6/26/2024,NIFTY100,16008.77
6/27/2024,NIFTY100,15968.3
6/28/2024,NIFTY100,15806.46
7/1/2024,NIFTY100,15565.93
7/2/2024,NIFTY100,15737.05
7/3/2024,NIFTY100,15660.24
7/4/2024,NIFTY100,15639.34
7/5/2024,NIFTY100,15674.19
7/8/2024,NIFTY100,15645.06
7/9/2024,NIFTY100,15499.14
7/10/2024,NIFTY100,15630.27
7/11/2024,NIFTY100,15567.93
7/12/2024,NIFTY100,15648.16
7/15/2024,NIFTY100,15835.38
7/16/2024,NIFTY100,15673.47
7/17/2024,NIFTY100,15784.67
7/18/2024,NIFTY100,15804.86
7/19/2024,NIFTY100,15694.7
7/22/2024,NIFTY100,15756.77
7/23/2024,NIFTY100,15777.69
7/24/2024,NIFTY100,15706.33
7/25/2024,NIFTY100,15960.67
7/26/2024,NIFTY100,16018.35
7/29/2024,NIFTY100,15883.1
7/30/2024,NIFTY100,15933.58
7/31/2024,NIFTY100,15917.38
8/1/2024,NIFTY100,15777.82
8/2/2024,NIFTY100,15755.2
8/5/2024,NIFTY100,15812.79
8/6/2024,NIFTY100,15700.58
8/7/2024,NIFTY100,15529.29
8/8/2024,NIFTY100,15362.67
8/9/2024,NIFTY100,15204.19
8/12/2024,NIFTY100,15278.12
8/13/2024,NIFTY100,15336.63
8/14/2024,NIFTY100,15228.61
8/15/2024,NIFTY100,15208.95
8/16/2024,NIFTY100,15053.53
8/19/2024,NIFTY100,14981.01
8/20/2024,NIFTY100,14906.94
8/21/2024,NIFTY100,14950.61
8/22/2024,NIFTY100,15102.72
8/23/2024,NIFTY100,14975.16
8/26/2024,NIFTY100,14880.97
8/27/2024,NIFTY100,14921.39
8/28/2024,NIFTY100,14753.49
8/29/2024,NIFTY100,14650.37
8/30/2024,NIFTY100,14760.51
9/2/2024,NIFTY100,14916.24
9/3/2024,NIFTY100,14810
9/4/2024,NIFTY100,14717.11
9/5/2024,NIFTY100,14805.13
9/6/2024,NIFTY100,14928.9
9/9/2024,NIFTY100,14898.73
9/10/2024,NIFTY100,14819.8
9/11/2024,NIFTY100,14888.06
9/12/2024,NIFTY100,14933.94
9/13/2024,NIFTY100,14931.69
9/16/2024,NIFTY100,15160.16
9/17/2024,NIFTY100,15193.21
9/18/2024,NIFTY100,15054.54
9/19/2024,NIFTY100,15108.71
9/20/2024,NIFTY100,15026.52
9/23/2024,NIFTY100,15008.09
9/24/2024,NIFTY100,15104.99
9/25/2024,NIFTY100,15214.41
9/26/2024,NIFTY100,14853.8
9/27/2024,NIFTY100,14787.04
9/30/2024,NIFTY100,14728.18
10/1/2024,NIFTY100,14730
10/2/2024,NIFTY100,14626.49
10/3/2024,NIFTY100,14594.44
10/4/2024,NIFTY100,14587.3
10/7/2024,NIFTY100,14390.67
10/8/2024,NIFTY100,14372.93
10/9/2024,NIFTY100,14490.4
10/10/2024,NIFTY100,14346.96
10/11/2024,NIFTY100,14366.73
10/14/2024,NIFTY100,14379.72
10/15/2024,NIFTY100,14171.82
10/16/2024,NIFTY100,14134.89
10/17/2024,NIFTY100,14128.86
10/18/2024,NIFTY100,14278.48
10/21/2024,NIFTY100,14240.13
10/22/2024,NIFTY100,14288.49
10/23/2024,NIFTY100,14210.56
10/24/2024,NIFTY100,14250.15
10/25/2024,NIFTY100,14357.37
10/28/2024,NIFTY100,14168.56
10/29/2024,NIFTY100,14189.62
10/30/2024,NIFTY100,14256.69
10/31/2024,NIFTY100,14246.14
11/1/2024,NIFTY100,14279.33
11/4/2024,NIFTY100,14373.15
11/5/2024,NIFTY100,14218.52
11/6/2024,NIFTY100,14269.15
11/7/2024,NIFTY100,14414.19
11/8/2024,NIFTY100,14369.34
11/11/2024,NIFTY100,14300.81
11/12/2024,NIFTY100,14232.26
11/13/2024,NIFTY100,14272.7
11/14/2024,NIFTY100,14445.88
11/15/2024,NIFTY100,14699.96
11/18/2024,NIFTY100,14897.22
11/19/2024,NIFTY100,14862.16
11/20/2024,NIFTY100,14764.86
11/21/2024,NIFTY100,14586.66
11/22/2024,NIFTY100,14647.02
11/25/2024,NIFTY100,15010.84
11/26/2024,NIFTY100,15043.38
11/27/2024,NIFTY100,15092.83
11/28/2024,NIFTY100,15094.69
11/29/2024,NIFTY100,15170.81
12/2/2024,NIFTY100,15100.92
12/3/2024,NIFTY100,15148.34
12/4/2024,NIFTY100,15118.43
12/5/2024,NIFTY100,15184.85
12/6/2024,NIFTY100,15190.58
12/9/2024,NIFTY100,15262.58
12/10/2024,NIFTY100,15156.27
12/11/2024,NIFTY100,15299.43
12/12/2024,NIFTY100,15429.09
12/13/2024,NIFTY100,15398.71
12/16/2024,NIFTY100,15335.05
12/17/2024,NIFTY100,15184.43
12/18/2024,NIFTY100,15047.46
12/19/2024,NIFTY100,15006.41
12/20/2024,NIFTY100,15032.5
12/23/2024,NIFTY100,15064.49
12/24/2024,NIFTY100,15288.32
12/25/2024,NIFTY100,15231.62
12/26/2024,NIFTY100,15162.79
12/27/2024,NIFTY100,15158.44
12/30/2024,NIFTY100,15052.32
12/31/2024,NIFTY100,15249.27
1/1/2025,NIFTY100,15482.17
1/2/2025,NIFTY100,15590.37
1/3/2025,NIFTY100,15717.14
1/6/2025,NIFTY100,15703.81
1/7/2025,NIFTY100,15798.1
1/8/2025,NIFTY100,15968.03
1/9/2025,NIFTY100,15933.63
1/10/2025,NIFTY100,16129.36
1/13/2025,NIFTY100,16133.9
1/14/2025,NIFTY100,16128.6
1/15/2025,NIFTY100,16020.77
1/16/2025,NIFTY100,16057.4
1/17/2025,NIFTY100,16213.08
1/20/2025,NIFTY100,15923.37
1/21/2025,NIFTY100,15975.8
1/22/2025,NIFTY100,16078.7
1/23/2025,NIFTY100,16102.07
1/24/2025,NIFTY100,15852.25
1/27/2025,NIFTY100,15684.27
1/28/2025,NIFTY100,15681.47
1/29/2025,NIFTY100,15475.43
1/30/2025,NIFTY100,15827.04
1/31/2025,NIFTY100,16003.75
2/3/2025,NIFTY100,15876.03
2/4/2025,NIFTY100,15997.59
2/5/2025,NIFTY100,16093.28
2/6/2025,NIFTY100,16053.21
2/7/2025,NIFTY100,16190.65
2/10/2025,NIFTY100,15923.94
2/11/2025,NIFTY100,15886.99
2/12/2025,NIFTY100,15826.68
2/13/2025,NIFTY100,16069.02
2/14/2025,NIFTY100,15950.73
2/17/2025,NIFTY100,16048.15
2/18/2025,NIFTY100,15965.65
2/19/2025,NIFTY100,16112.88
2/20/2025,NIFTY100,16063.67
2/21/2025,NIFTY100,15912.29
2/24/2025,NIFTY100,15915.96
2/25/2025,NIFTY100,16033.96
2/26/2025,NIFTY100,16110.42
2/27/2025,NIFTY100,15922.25
2/28/2025,NIFTY100,15722.71
3/3/2025,NIFTY100,15647.53
3/4/2025,NIFTY100,15529.22
3/5/2025,NIFTY100,15422.27
3/6/2025,NIFTY100,15371.45
3/7/2025,NIFTY100,15453.5
3/10/2025,NIFTY100,15425.92
3/11/2025,NIFTY100,15284.25
3/12/2025,NIFTY100,15177.11
3/13/2025,NIFTY100,15239.62
3/14/2025,NIFTY100,15233
3/17/2025,NIFTY100,15151.67
3/18/2025,NIFTY100,15237.48
3/19/2025,NIFTY100,15345.82
3/20/2025,NIFTY100,15449.69
3/21/2025,NIFTY100,15444.27
3/24/2025,NIFTY100,15338.19
3/25/2025,NIFTY100,15317.19
3/26/2025,NIFTY100,15235.68
3/27/2025,NIFTY100,14917.74
3/28/2025,NIFTY100,14896.02
3/31/2025,NIFTY100,14643.16
4/1/2025,NIFTY100,14563.29
4/2/2025,NIFTY100,14500.85
4/3/2025,NIFTY100,14692.44
4/4/2025,NIFTY100,14557.4
4/7/2025,NIFTY100,14592.18
4/8/2025,NIFTY100,14561.42
4/9/2025,NIFTY100,14623.43
4/10/2025,NIFTY100,14551.18
4/11/2025,NIFTY100,14371.11
4/14/2025,NIFTY100,14390.57
4/15/2025,NIFTY100,14399.46
4/16/2025,NIFTY100,14428.49
4/17/2025,NIFTY100,14399.95
4/18/2025,NIFTY100,14364.89
4/21/2025,NIFTY100,14466.71
4/22/2025,NIFTY100,14558.29
4/23/2025,NIFTY100,14469.62
4/24/2025,NIFTY100,14458.93
4/25/2025,NIFTY100,14324.13
4/28/2025,NIFTY100,14397.76
4/29/2025,NIFTY100,14459.24
4/30/2025,NIFTY100,14634.81
5/1/2025,NIFTY100,14730.4
5/2/2025,NIFTY100,14759
5/5/2025,NIFTY100,15081.25
5/6/2025,NIFTY100,15131.41
5/7/2025,NIFTY100,15207.67
5/8/2025,NIFTY100,14991.01
5/9/2025,NIFTY100,15098.24
5/12/2025,NIFTY100,15407.35
5/13/2025,NIFTY100,15450.9
5/14/2025,NIFTY100,15557.82
5/15/2025,NIFTY100,15707.27
5/16/2025,NIFTY100,15948.39
5/19/2025,NIFTY100,16035.81
5/20/2025,NIFTY100,15836.88
5/21/2025,NIFTY100,15874.16
5/22/2025,NIFTY100,15983.1
5/23/2025,NIFTY100,16082.33
5/26/2025,NIFTY100,16069.92
5/27/2025,NIFTY100,16029.25
5/28/2025,NIFTY100,15989.49
5/29/2025,NIFTY100,15977.58
5/30/2025,NIFTY100,16002.37
6/2/2025,NIFTY100,16081.24
6/3/2025,NIFTY100,16138.5
6/4/2025,NIFTY100,16089.19
6/5/2025,NIFTY100,15940.9
6/6/2025,NIFTY100,15997.98
6/9/2025,NIFTY100,15967.7
6/10/2025,NIFTY100,16186.98
6/11/2025,NIFTY100,16316.11
6/12/2025,NIFTY100,16369.52
6/13/2025,NIFTY100,16276.29
6/16/2025,NIFTY100,16104.84
6/17/2025,NIFTY100,16112.83
6/18/2025,NIFTY100,16139.8
6/19/2025,NIFTY100,15919.45
6/20/2025,NIFTY100,15988.92
6/23/2025,NIFTY100,16003
6/24/2025,NIFTY100,15664.24
6/25/2025,NIFTY100,15562.24
6/26/2025,NIFTY100,15469.31
6/27/2025,NIFTY100,15322.81
6/30/2025,NIFTY100,15378.83
7/1/2025,NIFTY100,15613.14
7/2/2025,NIFTY100,15679.98
7/3/2025,NIFTY100,15768.89
7/4/2025,NIFTY100,15676.47
7/7/2025,NIFTY100,15749.54
7/8/2025,NIFTY100,15733.4
7/9/2025,NIFTY100,15741
7/10/2025,NIFTY100,15670.84
7/11/2025,NIFTY100,15476.97
7/14/2025,NIFTY100,15601.39
7/15/2025,NIFTY100,15629.46
7/16/2025,NIFTY100,15607.59
7/17/2025,NIFTY100,15850.22
7/18/2025,NIFTY100,15728.9
7/21/2025,NIFTY100,15819.12
7/22/2025,NIFTY100,16095
7/23/2025,NIFTY100,16157.99
7/24/2025,NIFTY100,16012.83
7/25/2025,NIFTY100,16149.34
7/28/2025,NIFTY100,16085.02
7/29/2025,NIFTY100,16011.91
7/30/2025,NIFTY100,15901.57
7/31/2025,NIFTY100,16122.72
8/1/2025,NIFTY100,16076.99
8/4/2025,NIFTY100,15963.92
8/5/2025,NIFTY100,16135.43
8/6/2025,NIFTY100,15934.59
8/7/2025,NIFTY100,15950.57
8/8/2025,NIFTY100,15869.54
8/11/2025,NIFTY100,15956.12
8/12/2025,NIFTY100,15908.46
8/13/2025,NIFTY100,15733.14
8/14/2025,NIFTY100,15759.18
8/15/2025,NIFTY100,15707.52
8/18/2025,NIFTY100,15823.73
8/19/2025,NIFTY100,15839.96
8/20/2025,NIFTY100,16127.87
8/21/2025,NIFTY100,16062.16
8/22/2025,NIFTY100,16224.87
8/25/2025,NIFTY100,16186.11
8/26/2025,NIFTY100,16177.77
8/27/2025,NIFTY100,16286.02
8/28/2025,NIFTY100,16168.6
8/29/2025,NIFTY100,16334.53
9/1/2025,NIFTY100,16435.26
9/2/2025,NIFTY100,16549.98
9/3/2025,NIFTY100,16685.24
9/4/2025,NIFTY100,16772.48
9/5/2025,NIFTY100,16874.21
9/8/2025,NIFTY100,17065.23
9/9/2025,NIFTY100,17074.14
9/10/2025,NIFTY100,17057.3
9/11/2025,NIFTY100,17133.18
9/12/2025,NIFTY100,17155.4
9/15/2025,NIFTY100,17295.56
9/16/2025,NIFTY100,17570.14
9/17/2025,NIFTY100,17442.88
9/18/2025,NIFTY100,17465.23
9/19/2025,NIFTY100,17322.06
9/22/2025,NIFTY100,17300.46
9/23/2025,NIFTY100,17287.65
9/24/2025,NIFTY100,17240.75
9/25/2025,NIFTY100,17377.23
9/26/2025,NIFTY100,17436.66
9/29/2025,NIFTY100,17359.5
9/30/2025,NIFTY100,17497.18
10/1/2025,NIFTY100,17489.17
10/2/2025,NIFTY100,17421.42
10/3/2025,NIFTY100,17284.96
10/6/2025,NIFTY100,17086.94
10/7/2025,NIFTY100,17030.11
10/8/2025,NIFTY100,17046.39
10/9/2025,NIFTY100,17184.56
10/10/2025,NIFTY100,16907.35
10/13/2025,NIFTY100,17175.59
10/14/2025,NIFTY100,17075.83
10/15/2025,NIFTY100,17030.12
10/16/2025,NIFTY100,16989.54
10/17/2025,NIFTY100,16909.96
10/20/2025,NIFTY100,16875.87
10/21/2025,NIFTY100,16850.99
10/22/2025,NIFTY100,16838.03
10/23/2025,NIFTY100,17066.17
10/24/2025,NIFTY100,16971.86
10/27/2025,NIFTY100,17236.86
10/28/2025,NIFTY100,17322.25
10/29/2025,NIFTY100,17111.54
10/30/2025,NIFTY100,17003.55
10/31/2025,NIFTY100,16879.75
11/3/2025,NIFTY100,16884.7
11/4/2025,NIFTY100,17076.29
11/5/2025,NIFTY100,17198.7
11/6/2025,NIFTY100,17064.14
11/7/2025,NIFTY100,17242.99
11/10/2025,NIFTY100,17104.47
11/11/2025,NIFTY100,16988.07
11/12/2025,NIFTY100,17142.78
11/13/2025,NIFTY100,17295.92
11/14/2025,NIFTY100,17420.04
11/17/2025,NIFTY100,17431.2
11/18/2025,NIFTY100,17428.81
11/19/2025,NIFTY100,17270.71
11/20/2025,NIFTY100,17277.18
11/21/2025,NIFTY100,17190.35
11/24/2025,NIFTY100,17173.44
11/25/2025,NIFTY100,17507.58
11/26/2025,NIFTY100,17562.38
11/27/2025,NIFTY100,17411.94
11/28/2025,NIFTY100,17598.5
12/1/2025,NIFTY100,17801.56
12/2/2025,NIFTY100,18020.5
12/3/2025,NIFTY100,17958.85
12/4/2025,NIFTY100,17951.03
12/5/2025,NIFTY100,17774.98
12/8/2025,NIFTY100,18011.98
12/9/2025,NIFTY100,18038.89
12/10/2025,NIFTY100,17846.08
12/11/2025,NIFTY100,18098.03
12/12/2025,NIFTY100,18006.31
12/15/2025,NIFTY100,17956.77
12/16/2025,NIFTY100,17812
12/17/2025,NIFTY100,17645.21
12/18/2025,NIFTY100,17710.03
12/19/2025,NIFTY100,17617.69
12/22/2025,NIFTY100,17407.32
12/23/2025,NIFTY100,17557.52
12/24/2025,NIFTY100,17638.41
12/25/2025,NIFTY100,17907.08
12/26/2025,NIFTY100,17861.01
12/29/2025,NIFTY100,17875.38
12/30/2025,NIFTY100,17914.9
12/31/2025,NIFTY100,17943.93
1/1/2026,NIFTY100,17989.44
1/2/2026,NIFTY100,17950.77
1/5/2026,NIFTY100,17696.2
1/6/2026,NIFTY100,17746.43
1/7/2026,NIFTY100,17838.7
1/8/2026,NIFTY100,17798.1
